{"Test Loss": 2.269300079345703, "_timestamp": 1709180405.0574605, "_runtime": 4.290237665176392, "_step": 2, "_wandb": {"runtime": 3}}