{"Test Loss": 2.269300079345703, "_timestamp": 1709184324.5599167, "_runtime": 4.091606616973877, "_step": 2, "_wandb": {"runtime": 3}}