{"Test Loss": 2.269300079345703, "_timestamp": 1709184421.570259, "_runtime": 4.298532009124756, "_step": 2, "_wandb": {"runtime": 3}}