{"Test Loss": 2.269300079345703, "_timestamp": 1709183338.2908251, "_runtime": 4.381789207458496, "_step": 2, "_wandb": {"runtime": 3}}