{"Test Loss": 2.269300079345703, "_timestamp": 1709180141.0815303, "_runtime": 4.292967319488525, "_step": 2, "_wandb": {"runtime": 3}}