{"Test Loss": 2.269300079345703, "_timestamp": 1709180484.12956, "_runtime": 4.308958053588867, "_step": 2, "_wandb": {"runtime": 3}}