{"Test Loss": 2.269300079345703, "_timestamp": 1709184022.2582994, "_runtime": 4.322378396987915, "_step": 2, "_wandb": {"runtime": 3}}