{"Test Loss": 2.2754756927490236, "_timestamp": 1709183262.0818737, "_runtime": 4.1661646366119385, "_step": 0, "_wandb": {"runtime": 3}}