{"Test Loss": 2.269300079345703, "_timestamp": 1709180348.511191, "_runtime": 4.103815793991089, "_step": 2, "_wandb": {"runtime": 3}}