{"Test Loss": 1.0542137041015618, "_timestamp": 1708811117.2948847, "_runtime": 954.4560387134552, "_step": 2, "_wandb": {"runtime": 1380}}