{"Test Loss": 2.269300079345703, "_timestamp": 1709180210.3913474, "_runtime": 4.251558303833008, "_step": 2, "_wandb": {"runtime": 3}}