{"Test Loss": 0.6443594286132812, "_timestamp": 1708892376.0447836, "_runtime": 8922.841732501984, "_step": 199, "_wandb": {"runtime": 8962}}