{"Test Loss": 2.269300079345703, "_timestamp": 1709183497.62119, "_runtime": 4.256705045700073, "_step": 2, "_wandb": {"runtime": 3}}