{"Test Loss": 2.269300079345703, "_timestamp": 1709183746.3883934, "_runtime": 4.323809385299683, "_step": 2, "_wandb": {"runtime": 3}}